,MB Deviation of Compensated Data(%),"Reformer Loading, %","Naphtha Feed Rate, m3/hr","    N+2A in Naphtha Feed, wt%","    N+A in Naphtha Feed, wt%","    C6P- in Naphtha Feed, wt%","    C10+ in Naphtha Feed, wt%","    Sulfer in Naphtha Feed, ppmw","    3R211 Inlet Tem, oC","    3R212 Inlet Temp, oC","    3R213 Inlet Temp, oC","    3R214 Inlet Temp, oC","    WAIT(Weight Average  Inlet Temp), oC",H2/HC Ratio,"    Carbon in Fresh Catalyst, %","    Chlorine in Fresh Catalyst, wt%",Feed    Hydrogen,Feed    Methane,Feed    Ethane,Feed    Propane,Feed    n-Butane,Feed    i-Butane,Feed    C4 Naphthenes,Feed    n-Pentane,Feed    C5 i-Paraffins,Feed    C5 Naphthenes,Feed    n-Hexane,Feed    C6 i-Paraffins,Feed    C6 Naphthenes,Feed    Benzene,Feed    n-Heptane,Feed    C7 i-Paraffins,Feed    C7 Naphthenes,Feed    Toluene,Feed    n-Octane,Feed    C8 i-Paraffins,Feed    C8 Naphthenes,Feed    Ethylbenzene,Feed    P-Xylene,Feed    M-Xylene,Feed    O-Xylene,Feed    n-Nonane,Feed    C9 i-Paraffins,Feed    C9 Naphthenes,Feed    C9 Aromtics,Feed    C10+ n-Paraffins,Feed    C10+ i-Paraffins,Feed    C10+ Naphthenes,Feed    C10+ Aromtics,Sum,Product    Hydrogen,Product    Methane,Product    Ethane,Product    Propane,Product    n-Butane,Product    i-Butane,Product    C4 Naphthenes,Product    n-Pentane,Product    C5 i-Paraffins,Product    C5 Naphthenes,Product    n-Hexane,Product    C6 i-Paraffins,Product    C6 Naphthenes,Product    Benzene,Product    n-Heptane,Product    C7 i-Paraffins,Product    C7 Naphthenes,Product    Toluene,Product    n-Octane,Product    C8 i-Paraffins,Product    C8 Naphthenes,Product    Ethylbenzene,Product    P-Xylene,Product    M-Xylene,Product    O-Xylene,Product    n-Nonane,Product    C9 i-Paraffins,Product    C9 Naphthenes,Product    C9 Aromtics,Product    C10+ n-Paraffins,Product    C10+ i-Paraffins,Product    C10+ Naphthenes,Product    C10+ Aromtics,ProductSum,"Product Separator Pressure, kg/cm2_g","Product Separator Temp, oC","Reformate Flow, m3/hr","    - Aroma in Reformate, wt%","   - C8N+ in Reformate, wt%",    - Reformate RON,"LPG Flow, m3/hr","Net Gas Flow, Nm3/hr","    H2 Purity, mole%","Calibrated Recycle Gas Rate, Nm3/hr","    H2 Purity, mole%","C5+ Yield, (wt% of Feed)",Aroma Yield (wt% of Feed),"    3R211 Temp Drop, oC","    3R212 Temp Drop, oC","    3R213 Temp Drop, oC","    3R214 Temp Drop, oC","    Reactor Total Temp Drop, oC","Carbon in Spent Catalyst, %","Chlorine in Spent Catalyst, wt%",PC4,SAP,SAN
2019/9/1,0.589128614,134.0522979,99.60085732,62.38824948,48.92387109,0.5199844,2.726918192,0.69,525.0109096,525.0008316,525.0179395,516.0129975,520.5121993,1.442642269,0.02137,0.94478,0,0,0,0.067094105,0.156552911,0.372745026,0.14909801,5.218430367,0,5.218430367,263.9034785,112.5689979,1480.543244,64.85763456,6825.949313,5082.59632,11499.84201,3131.80371,8041.448156,6052.364861,10798.09983,1267.868958,703.3173107,1723.166586,1223.64502,3517.725566,6404.042524,2514.496964,1798.867496,357.7643611,1413.709919,137.1425326,124.33456,74551.24171,2585.54392,783.0504223,2167.787832,2652.459291,1190.82788,1204.990967,0.993304672,1659.135828,2504.534535,37.75948118,515.7676282,1265.673063,70.42681401,1975.636787,826.8073303,3256.103296,182.1012062,17601.35878,118.572939,411.2290053,102.1780397,3493.949183,2944.527536,10368.23833,5203.674849,7.924977088,28.8180985,21.61357388,9198.00126,89.39742046,174.5550284,119.1344791,1788.525411,74551.2985,4.700871161,42.76082827,73.87005536,84.77136601,0.391239043,109.25,3.980855072,31638.73421,88.8378,27311.92299,81.1512,85.80084609,70.52045128,128.3952758,82.00692283,48.11812921,30.82825927,289.3485871,3.8015,0.42149,2395.818847,10859.51245,533.2135941
2019/9/2,0.537890415,134.0526805,99.60114163,63.11947373,49.15401115,0.528968262,2.69683819,0.623333333,525.0059848,525.0095335,524.9944537,516.0156792,520.5084815,1.474911417,0.01902,0.93129,0,0,0,0.067155028,0.156695066,0.373083492,0.149233397,5.223168881,0,5.223168881,267.8739469,115.6558824,1469.20279,89.54003797,6665.103512,4976.161037,11313.81652,3230.15687,7974.753604,5984.714888,10743.13565,1325.76738,735.4349534,1801.8566,1279.523914,3637.014288,6542.346878,2597.256086,1848.255617,362.0160712,1410.414265,129.3250766,110.6569409,74621.17531,2603.471849,802.3830285,2194.137215,2121.544325,1468.593369,1563.974566,0.991748674,1688.823654,2555.859747,37.82284306,518.9451778,1269.167228,69.03839082,2007.558642,794.9030974,3157.928124,176.5733269,17650.02719,109.073457,384.6068724,92.05568125,3480.014042,2932.783689,10326.88602,5182.9207,8.026573528,27.7281631,21.89065508,9217.684086,88.5135692,172.7905421,118.8548802,1775.65469,74621.22714,4.696388087,42.81145754,73.77406892,84.90164774,0.375532168,109.4,3.899137714,31743.4608,88.8278,28118.128,80.6043,85.58708224,70.45385217,125.4321334,82.26478491,47.64480266,30.11305634,285.4547773,3.832,0.840015,3032.567935,10777.35795,516.2357773
2019/9/3,0.659616849,134.0254426,99.58090389,63.2595256,49.67137592,0.551922731,2.56064151,0.58,525.0046564,525.0014133,525.0111681,516.004061,520.5055002,1.495015555,0.020545,0.928645,0,0,0,0.134325792,0.313426848,0.746254399,0.29850176,5.223780793,0,5.970035192,276.860382,122.3857214,1469.374912,70.89416791,6771.078494,5079.058215,11674.04071,3258.89296,8063.794305,6129.851734,11042.43897,1282.251129,711.2954457,1742.713461,1237.525533,3486.99166,5947.743015,2616.527615,1728.325188,342.066619,1336.967295,122.3853868,109.7382153,74635.88746,2583.133798,875.0616452,2180.78792,2890.277154,1133.259912,1070.766987,1.117023022,1658.076668,2512.558305,37.74861549,527.0290602,1295.248101,69.69160315,1999.682532,784.9442495,3114.240412,174.8566018,17812.17322,109.323683,381.6961128,94.16219928,3475.81202,2929.242433,10314.41659,5176.662465,7.963960435,27.51186332,20.99589569,9191.858335,94.8228432,185.3894999,127.154454,1778.274916,74635.94108,4.700058778,43.23050627,73.86329136,84.97630971,0.390449232,109.51,4.127683865,31429.18019,88.6913,28253.16644,81.5258,85.6176471,70.58010089,123.9001127,81.43565903,48.51646458,30.7870961,284.6393324,3.763,0.83183,2204.026899,10699.92178,524.6093694
2019/9/4,0.576614047,134.0529041,99.60130773,62.81054346,49.10573765,0.522963393,2.727809053,0.626666667,524.4662771,525.0069144,524.9905728,516.009011,520.4498136,1.475582627,0.01847,0.913635,0,0,0,0.134273084,0.313303863,0.745961578,0.298384631,6.713654198,0,5.221731043,262.5784753,114.1321214,1432.246229,67.13654198,6663.976853,4969.516911,11348.83648,3150.195742,8012.459096,6014.912263,10807.18148,1305.209843,724.0311946,1773.916755,1259.683435,3636.80733,6497.169549,2681.643025,1831.335673,366.7546371,1421.607368,134.1561679,112.4650107,74601.37949,2569.629493,888.7167713,2207.623276,2813.154586,1111.260936,1039.724057,0.992775564,1702.43331,2574.746446,39.18534755,524.5381237,1280.980734,70.90920737,2009.595653,812.4004747,3220.895347,179.1862396,17613.07947,113.1190403,393.1042891,99.36832912,3481.154956,2933.745195,10330.27166,5184.619908,7.294888012,25.53210804,21.15517524,9204.890932,87.61244352,169.0906476,118.2643891,1773.150646,74601.42686,4.700067043,42.68196999,73.94802793,84.73673886,0.384766248,109.28,3.93749129,31361.74568,88.5976,28018.35423,80.8559,85.74946574,70.41488432,124.3091013,81.69061586,49.21930835,31.4014211,286.6204467,3.859,0.851125,2150.984993,10912.74063,528.068688
2019/9/5,0.356958133,134.1532,99.67582756,62.59692905,49.06326702,0.544961853,2.698811083,0.726666667,523.3344213,524.3336916,524.3348402,515.9847266,520.0595692,1.498736226,0.021515,0.913195,0,0,0,0.134355604,0.31349641,0.746420023,0.298568009,6.717780209,0,5.971360186,271.6968885,120.9200438,1435.365705,69.41706216,6688.166027,4994.200407,11432.76885,3094.657416,8018.812712,6033.897213,10834.42649,1292.157136,716.7905453,1756.176761,1247.086014,3628.716226,6481.561256,2682.615296,1819.025597,365.363129,1411.612877,130.4187122,107.1929249,74647.22726,2565.668429,887.8690081,2179.576418,2809.469552,1067.98055,977.9005196,1.119704307,1716.807177,2595.738678,39.40058391,523.4816988,1278.006048,70.41248521,1978.487156,808.4848729,3200.002218,178.5954903,17676.3971,114.4785423,390.8720855,98.6668584,3491.363767,2942.348676,10360.56615,5199.824288,7.954566014,28.9256946,20.97112858,9265.55314,88.70546343,173.7663384,119.8394637,1788.048916,74647.28276,4.695580009,41.24068251,74.19298353,84.80744743,0.384899133,109.32,3.92077672,31395.53453,88.7219,28151.0752,81.8047,85.94780172,70.60215354,122.6720492,80.38328032,48.29238621,31.65855354,283.0062692,3.777,0.87637,2045.88107,10928.34309,527.8860101
2019/9/6,0.636245425,134.1109788,99.64445727,62.50880102,48.8882227,0.532962693,2.886797924,0.54,521.999641,522.9987593,523.0204118,516.0329989,519.4213804,1.48688435,0.01974,0.93063,0,0,0,0.134295385,0.313355897,0.74608547,0.298434188,6.714769231,0,5.96868376,266.3525128,117.1354188,1399.656342,77.59288889,6662.945514,4948.696179,11284.9753,3073.872137,8039.794348,6033.110847,10798.60003,1297.925271,719.990268,1764.01626,1252.652953,3649.678018,6514.003803,2688.386486,1856.26065,370.0306484,1526.767964,136.6336378,120.5165021,74613.7696,2455.566293,1193.546568,2038.662644,2061.615924,1396.450802,1459.148403,0.994644026,1677.953238,2542.106784,37.86268738,519.7634491,1273.37646,70.98990459,1947.627448,819.9392827,3237.534458,179.72054,17571.00837,116.9946241,402.8409489,101.8105492,3488.693511,2940.098316,10352.6422,5195.847372,8.703135226,26.83466695,21.0325768,9319.19287,84.6690727,166.3137973,114.8192197,1789.467184,74613.82795,4.699427099,42.43020421,74.09526052,84.71255238,0.382267972,109.22,3.792925576,30284.87479,87.9363,28146.28237,81.0489,85.78549638,70.50245071,121.6497692,79.47524243,47.92634524,32.5720351,281.623392,3.997,0.857265,2855.599205,10878.02456,526.2354777
2019/9/7,0.554978438,133.6350713,99.29085795,62.31422055,48.7452862,0.545939947,2.722700503,0.54,522.008705,522.9972412,522.9916179,516.0072281,519.4019752,1.465624543,0.021855,0.956945,0,0,0,0.133724119,0.312022943,0.74291177,0.297164708,6.686205928,0,5.943294158,272.6486195,118.8658832,1436.048451,77.26282405,6695.592414,4989.428642,11087.45342,3033.308756,8147.787358,6097.289266,10854.94043,1291.446533,716.3963567,1755.210977,1246.400197,3707.182367,6259.234391,2622.966091,1852.821954,364.8517282,1421.163155,128.1515665,108.7822989,74299.349,2635.234729,749.0585623,2152.023495,2601.60821,1183.21441,1151.675091,0.991561022,1674.498083,2538.395327,36.54011105,514.8480208,1258.893729,68.91253619,1936.50366,854.4713816,3371.997328,183.509707,17276.71136,124.8438199,421.8207855,104.6662468,3471.092008,2925.26464,10300.41002,5169.632766,8.645172661,28.09681115,20.8925006,9378.308091,81.80378432,159.9667859,110.6520128,1804.22264,74299.40539,4.699962646,42.87050287,73.90449005,84.42419393,0.381109313,108.88,3.873494156,32207.15791,89.2755,27560.18441,81.2984,85.90324377,70.33992387,125.0808073,81.64810245,48.72618014,33.20627905,288.661369,3.8585,0.8689,2334.889501,11039.27259,525.1731144
2019/9/8,0.603501891,133.1945677,98.96356379,63.07369905,49.3324102,0.625962442,2.74283543,0.54,521.9999633,523.0042801,523.0027383,516.0010634,519.4018546,1.494803579,0.01946,0.929395,0,0,0,0.133432484,0.311342463,0.741291579,0.296516632,8.154207368,0,7.412915789,306.8947137,140.1041084,1469.981201,80.8007821,6499.538218,4873.723137,11375.49462,3064.499387,7844.063055,5898.136436,10741.17878,1313.473886,728.6154575,1785.148455,1267.659224,3621.921516,6581.140995,2657.605091,1833.214075,366.1609754,1420.687782,133.012419,113.5016246,74133.60564,2628.974096,753.7639979,2178.718607,2602.560656,1183.488356,1128.956066,0.990111117,1635.009753,2483.455602,35.76114837,507.5046769,1255.291058,66.329738,1925.26675,819.9828664,3239.049878,173.7026565,17291.67184,117.2899899,400.5341418,91.71132243,3455.89853,2912.460328,10255.32362,5147.004527,7.082044797,36.11842846,20.53792991,9498.259711,97.27841727,188.4554057,130.5399626,1864.694701,74133.66692,4.700946857,42.38763055,73.70340817,84.69999279,0.392299421,109.05,3.845756797,32240.48117,89.1776,27847.76636,81.9061,85.86681015,70.61647182,125.5149483,82.43325726,48.74686069,32.63110089,289.3261671,3.5645,0.83032,2312.444422,10788.04237,518.5827578
2019/9/9,0.86476774,133.7653727,99.38767194,62.82968376,49.20543792,0.53798386,2.746917592,0.54,521.7772578,522.7745461,522.7583448,516.0199863,519.293487,1.434249319,0.02103,0.93282,0,0,0,0.134008329,0.312686101,0.744490716,0.297796286,5.21143501,0,5.955925726,268.7611484,119.1185145,1419.743795,70.726618,6597.775777,4924.594792,11398.2651,3061.345823,7959.494861,5981.123306,10818.16508,1302.252412,722.3906368,1769.897297,1256.829161,3644.354815,6519.36481,2714.480777,1844.847994,369.4862283,1426.737494,133.7533841,115.1388901,74451.30505,2621.589569,768.6783068,2158.219583,2505.109788,1216.970984,1220.630753,0.995577412,1588.443405,2419.688142,35.65495122,504.2959462,1244.17811,65.47853512,1903.563023,842.5908544,3322.866472,177.7583022,17287.57952,123.366604,425.1434527,93.63331995,3498.881544,2948.684286,10382.87503,5211.020807,7.943109908,29.60613693,20.94092612,9556.92092,90.59754449,176.921527,121.958233,1878.572487,74451.35775,4.700900525,43.1341703,73.84210364,84.74074659,0.380091329,109,3.857920982,31973.28545,89.165,26962.98529,81.4709,85.90731603,70.74162139,124.5866816,82.914916,49.34634879,33.63260239,290.4805488,3.46,0.85253,2437.601737,10776.63688,515.4242676
2019/9/10,0.870743226,134.0476907,99.59743418,63.10344101,49.41266905,0.539908216,2.710539208,0.54,520.9127908,521.8493859,521.7674118,516.0142574,518.8176686,1.472410518,0.02103,0.93282,0,0,0,0.067136181,0.156651089,0.372978783,0.149191513,4.4757454,0,5.221702966,273.766427,118.6072531,1468.790449,73.8497991,6588.090998,4908.670871,11466.0499,3084.534538,7936.348621,5979.546026,10845.42082,1320.779873,732.6682638,1795.078056,1274.710375,3618.616889,6534.846585,2734.445404,1820.88242,362.4455212,1416.405713,131.4719564,111.9677726,74608.43794,2566.542577,797.2664924,2205.67808,2456.622892,1113.755607,1123.371652,1.002804508,1530.662376,2331.405098,38.74550274,544.614285,1338.048534,96.99268886,1915.629127,990.5986116,3848.839269,246.6699339,16963.69176,186.4547612,627.753736,151.6159863,3442.200297,2900.916135,10214.67433,5126.603214,14.44830179,55.04114968,22.01645987,9482.770128,96.64528445,187.7507843,129.5184697,1859.944683,74608.49101,4.697100509,43.03427608,74.7247438,82.90269222,0.483568911,107.88,3.91530895,32034.44053,88.8782,27813.04593,81.2897,86.24253089,69.57174575,118.5226592,81.45820736,47.67479501,34.70158845,282.35725,3.46,0.85253,2237.127259,11753.265,685.5590414
2019/9/11,1.128695976,133.1554483,98.93449812,63.07923464,49.34336147,0.646909433,2.721618973,0.596666667,520.0127572,521.0148841,521.0264801,516.021604,518.4209304,1.531739665,0.02135,0.85576,0,0,0,0.133382625,0.311226125,0.741014583,0.296405833,5.928116667,0,5.928116667,328.2694604,137.8287125,1476.842065,81.51160417,6589.69491,4972.77903,11357.84814,3042.605879,7760.64122,5824.493854,10643.07774,1323.872076,734.383583,1799.280684,1277.69472,3592.133822,6560.580338,2773.544232,1804.370511,358.3248866,1410.703145,131.8253977,116.1882667,74111.83254,2438.683914,831.6878585,2326.540331,2536.18155,1007.119348,1041.300545,1.243057407,1546.411355,2333.912192,43.56882713,602.7711438,1450.168254,156.4398444,1864.483407,1109.185017,4174.253026,343.8918316,16436.32656,248.9886479,834.9218394,208.2457118,3317.708018,2796.0002,9845.245487,4941.192005,23.12534725,97.78718267,25.76824408,9324.173609,94.34805718,187.6168685,127.3823078,1795.215078,74111.88667,4.699348031,43.26223385,74.25161601,81.04674569,0.581329808,107.13,4.015507243,30786.77793,88.0447,29045.5622,80.47285,86.26029229,67.8978051,113.2083564,76.85313805,44.94426723,33.22849853,268.2342602,4.479,0.82204,2048.419893,12704.73199,905.2967668
2019/9/12,1.62664154,132.5763013,98.50419184,62.92622988,49.28260896,0.617944385,2.696757292,0.653333333,520.3938629,521.4613569,521.5277773,516.0075719,518.6443201,1.436988277,0.02135,0.85576,0,0,0,0.199213694,0.464831953,1.106742745,0.442697098,5.164799476,0.737828497,5.902627972,309.15014,132.8091294,1373.098832,96.65553304,6627.630302,5014.004304,10974.28447,3058.299118,7804.622573,5895.862692,11139.2489,1293.261944,717.4034086,1757.67831,1248.152285,3544.856153,6340.48937,2674.708973,1783.331476,357.199909,1389.806253,130.1410606,112.7762322,73789.49011,2336.711681,869.8940197,2459.886337,2641.65519,883.6060475,963.2485487,1.236359213,1502.013247,2249.928973,46.2645429,608.1469725,1449.835687,193.9784762,1742.966537,1193.735169,4341.439361,418.5220563,16569.68617,294.9306016,976.6358494,252.2440427,3271.667182,2757.199262,9708.620044,4872.621592,28.40672431,131.7039036,29.05233168,8865.931916,94.95238755,191.3877083,127.7468157,1713.687294,73789.54303,4.696663762,43.42982238,73.99807059,80.1607222,0.661570798,106.38,4.167532412,29756.63656,87.2112,27399.91195,79.656,86.23620941,67.08590129,112.1755618,75.98121205,43.8905328,32.64771565,264.6950223,4.479,0.82204,1846.854596,13064.35294,1067.808265
2019/9/13,1.269713979,134.074351,99.61724282,62.24511923,48.62021964,0.582900907,2.886509293,0.576666667,521.0048153,522.0091979,521.9959509,516.0376945,518.9196962,1.483916838,0.02744,0.90653,0,0,0,0.067077821,0.156514916,0.372654563,0.149061825,4.471854753,0,5.217163878,299.6142684,124.466624,1379.567191,68.56843954,6752.274693,4983.750519,11012.29992,3000.614539,8155.318288,6047.257189,10786.89419,1306.566093,724.7835393,1775.760042,1260.992379,3763.82395,6285.611712,2760.937587,1892.33987,406.1801272,1476.963642,141.7002737,126.8634023,74543.5828,2522.348157,767.6973962,2305.073666,2633.835246,985.3955899,987.5968373,1.252145121,1523.31371,2318.778483,39.3608967,577.1985013,1406.255456,139.3937655,1794.885539,1184.289702,4386.20079,363.4350867,16331.72882,282.3684709,914.2753644,229.547343,3333.217305,2809.070661,9891.269051,4964.290592,26.31959941,113.1742775,28.29356936,9379.19303,92.40830994,186.8665418,125.809281,1899.488963,74543.63214,4.698965064,43.70797928,75.34868584,80.5824709,0.612678423,106.3,4.101337096,31548.71773,88.7272,27923.94833,81.4179,86.31244716,67.61562659,118.6021388,78.31557367,44.60804695,32.6817869,274.2075463,4.397,0.81003,1972.992427,13012.70135,925.8399423
2019/9/14,1.029447448,134.0516735,99.60039338,63.03969292,49.12361778,0.619962802,3.028818271,0.543333333,521.0143102,522.0041812,522.0041318,515.990838,518.8985101,1.776449065,0.0208,0.91478,0,0,0,0.201490462,0.470144412,1.119391458,0.447756583,5.970087776,1.492521944,5.970087776,312.6833473,134.326975,1431.328544,88.05879469,6523.349166,4855.979621,11215.21466,3026.834502,7819.91369,5842.79181,10628.08914,1339.016724,742.7846822,1819.863844,1292.311114,3792.033738,6713.596108,2842.740159,1933.562178,423.9525667,1541.455814,151.8010796,143.2150242,74630.57476,2567.73659,764.0789065,2280.768692,2615.29646,1048.747891,1009.620039,1.250558805,1607.824466,2438.936354,40.35505451,565.1211845,1365.679679,123.4199444,1882.23767,1028.819218,3901.283686,306.6221562,16800.63226,216.5347218,718.1196296,195.8508081,3372.866301,2842.484873,10008.92681,5023.341388,19.44845727,83.82955718,26.15482184,9482.987416,93.29168683,184.8146637,126.9629826,1886.579676,74630.6246,4.694113845,43.24350971,75.12516632,82.11703994,0.558011003,107.35,3.927815006,32055.84992,88.8261,31574.05023,86.2465,86.21544548,68.73861323,118.042155,77.47083541,44.53195899,31.50485891,271.5498083,4.7695,0.831015,2058.36793,12224.95386,819.3657677
2019/9/15,1.351806458,134.1247706,99.65470452,63.06239288,49.36184057,0.660953733,2.704810663,0.646666667,520.996267,522.003011,522.0082471,516.0074283,518.9058543,1.446985498,0.021365,0.927665,0,0,0,0.201463793,0.470082184,1.119243294,0.447697318,7.461621961,0,6.715459765,330.5498529,146.2477904,1414.723524,97.74724769,6808.413415,5169.059552,11758.69265,3204.766632,7645.37455,5874.664249,10526.53029,1291.903163,716.6496605,1755.831586,1246.8409,3516.874277,6520.853276,2770.146543,1790.789271,358.9954092,1406.640366,133.7116264,119.0213385,74621.44275,2525.491696,1002.170033,2162.455756,2217.402686,1212.217996,1276.233998,1.24626242,1633.448943,2487.249721,38.59948637,551.8426532,1353.041795,103.4375282,1841.490789,1025.516678,3937.63571,274.8996677,17175.98867,193.7535159,658.1266967,160.0848722,3314.787862,2793.539237,9836.579971,4936.842903,16.08689004,83.78588564,24.13033507,9489.665194,96.08683255,189.7847214,130.296736,1877.577693,74621.49941,4.703809747,42.76818143,74.67121802,82.34925186,0.504667719,107.35,3.786269515,31672.45928,88.363,27168.92916,81.966,86.06672539,68.70201312,120.2889779,79.47258889,47.91100657,31.74061266,279.413186,4.5985,0.84882,2488.451994,12227.6063,731.4486255
2019/9/16,1.279707455,134.2603486,99.755439,61.49690103,47.87573254,0.693875102,2.847487452,0.656666667,520.9936741,521.9964069,522.005545,516.0216083,518.9110188,1.449814821,0.02177,0.93819,0,0,0,0.134196788,0.313125838,0.74553771,0.298215084,8.946452517,0,6.709839388,346.675035,153.5807682,1300.217766,85.73683662,6953.475152,5257.030848,11092.02066,3101.436872,7724.001351,5924.808598,10147.26267,1276.791256,708.2667233,1735.292923,1232.256104,3687.721297,6953.359118,2861.353045,1885.464868,368.9817293,1487.82868,134.8038966,131.6770914,74567.19065,2535.091649,825.2117149,2339.072049,2728.310528,1060.524468,1025.448655,1.239912373,1733.205661,2628.016499,38.9372476,553.8217629,1354.417732,90.28446455,1794.985811,963.1677899,3753.775451,242.7171812,16992.99907,159.3767356,552.0829221,144.0774481,3296.618752,2778.227211,9782.66343,4909.782939,13.1198858,47.64590106,24.16821068,9849.86389,97.70509498,190.5526291,131.5547028,1928.581607,74567.24901,4.70038743,41.95896739,74.29001753,82.88877091,0.483471945,107.41,3.919932345,31755.56923,88.271,27423.99148,81.0463,85.89877042,68.84218393,118.5081254,76.80773316,47.43582643,31.97420196,274.725887,4.826,0.852715,2085.973123,12048.12798,671.7392549
2019/9/17,1.31560764,133.867544,99.46358517,58.53997344,45.0264963,0.757924208,2.96170383,0.556666667,521.0039852,522.0193334,522.014987,516.0094731,518.9117818,1.435027821,0.023305,0.95303,0,0,0,0.133510544,0.311524603,0.741725246,0.296690098,8.158977703,0,6.675527211,385.6971278,160.2126531,1279.476049,93.45738096,7346.153808,5435.738026,8943.240612,2910.529864,8199.24691,6250.460516,10131.06722,1251.713955,694.3557434,1701.210247,1208.053513,4027.958205,7041.944162,2881.949504,2024.168196,386.9380968,1535.61782,133.6336794,140.8005813,74179.94182,2519.588421,861.1302597,2382.28417,2763.439893,1128.934326,1059.68596,1.222150386,1937.266175,2923.620444,39.51430952,571.2643412,1384.634332,80.34211623,1797.94766,908.122529,3582.622968,213.9345972,15979.00522,131.511902,459.0522476,104.8378263,3270.540619,2756.24985,9705.276985,4870.943757,10.3412725,48.25927166,22.06138133,10241.62024,95.5721602,187.5743807,129.1812958,2012.418529,74180.00159,4.69736236,41.44256755,73.1812119,82.95394667,0.419023552,107.13,3.890637935,31792.07141,87.8716,27929.372,77.9907,85.55367356,68.25829304,112.0906086,72.8655709,46.26073887,32.28358778,263.5005062,4.3905,0.833425,2188.620286,12241.06417,589.8715264
2019/9/18,1.236715835,134.5028933,99.93564975,57.85362109,44.32820162,0.776922308,3.116688331,0.62,520.9914762,522.2879847,522.8333287,516.0251874,519.1632712,1.483229501,0.02106,0.9192,0,0,0,0.13392836,0.312499506,0.744046443,0.297618577,7.440464434,0,6.69641799,399.5529401,162.9461711,1258.182536,88.54152676,7339.744786,5405.371211,8654.403762,2855.65025,8236.290034,6238.518891,9937.354882,1255.631141,696.5287002,1706.534112,1211.834065,4149.094462,7461.26165,2924.59116,2095.234785,405.9926718,1619.142067,139.466001,154.5920243,74412.0848,2537.804558,843.9157959,2363.861787,2764.344246,1138.018989,1067.646051,1.22328872,1992.936444,3019.681061,39.93684818,589.0677879,1426.654535,81.63424813,1776.930999,964.1626169,3799.847244,222.7404749,15360.83646,146.5652798,505.462311,129.6523707,3257.760706,2745.479572,9667.3528,4851.910135,11.06278495,46.32541197,22.12556989,10511.10833,98.59707084,194.8384142,133.7972038,2098.858518,74412.13991,4.696824358,41.42611154,73.2705917,82.27022472,0.466801846,106.44,3.854653911,31912.87176,87.9929,28298.40539,79.6305,85.59802913,67.5565003,108.2134326,71.59158829,47.30001572,34.39651916,261.5015558,4.266,0.81736,2205.66504,12796.42425,629.8867156
2019/9/22,1.301763482,130.9557055,97.30008919,56.34054389,42.47008364,0.799960002,3.213839308,0.603333333,521.0023257,522.9987085,525.0010007,516.0066195,519.8035988,1.484949464,0.02283,0.96291,0,0,0,0.130192686,0.303782933,0.723292698,0.289317079,7.232926984,0,7.232926984,395.641106,167.0806133,1176.073928,89.6882946,7675.926788,5603.906392,7292.057747,2799.142743,8436.525072,6230.617025,9361.364635,1264.427281,701.4081298,1718.488986,1220.323391,4118.808908,6958.484615,2710.111892,2072.233581,422.6853264,1594.982947,139.8026216,167.1918379,72332.8863,2384.825283,837.203627,2467.005471,2910.37746,1103.33988,1075.704294,1.172208673,2133.823368,3210.698825,40.26623005,555.0950135,1332.286696,73.93285551,1625.466272,866.0881457,3454.673976,198.7036251,14329.07881,113.6795696,409.6089134,95.6358236,3206.021666,2701.876468,9513.818026,4774.853164,7.752899132,24.66831542,23.2586974,10223.41794,113.3525786,217.4153185,152.2406014,2155.633224,72332.97525,4.697696829,39.15650948,70.20966941,82.91312144,0.462545425,106.79,4.128710237,30421.59307,86.9917,27677.80112,79.1971,85.09721439,67.09272694,106.1974555,73.30814494,46.44237341,31.2408203,257.1887941,4.4245,0.869645,2179.044174,12440.31583,584.0378331
2019/9/23,1.721642175,126.4425151,93.94678869,56.32499387,42.380908,0.717921029,3.134655188,0.59,521.0520016,523.0259096,525.0320077,516.0235761,519.8288766,1.493550767,0.020015,0.94595,0,0,0,0.251328866,0.58643402,1.396271477,0.558508591,5.585085909,0,5.585085909,348.3697336,138.929012,1122.602268,120.7774828,7413.795656,5342.098633,6944.798118,2723.427516,8243.341963,6166.342345,9068.620581,1215.949515,674.5163507,1652.60263,1173.536555,3982.945024,6671.193746,2584.609241,2030.178728,401.6050418,1513.931931,128.1718219,144.9467454,69821.25335,2258.253722,961.4085288,2432.447244,3127.658666,974.85578,911.7521958,1.125888796,2058.205295,3092.092971,37.69502543,513.2303035,1235.559197,69.26145451,1573.994833,808.0743003,3220.697257,188.2596646,13767.3682,103.8674863,376.8153458,94.63789839,3104.08894,2615.972609,9211.33429,4623.040777,7.430866056,23.64366472,22.96813145,9872.355911,105.8335469,206.6965875,142.5938161,2078.125841,69821.34624,4.695726973,38.57062744,67.31575307,83.32403143,0.462115293,107.03,4.584602753,28941.72049,86.5842,27204.122,78.2167,84.72171821,67.09449749,105.8624428,71.2577368,46.1007767,30.98892911,254.2098854,4.2295,0.860005,1886.607976,11753.27271,555.4159905
2019/9/24,2.268521901,116.5374171,86.58730094,56.22173864,42.36034978,0.594952404,3.352731781,0.58,520.9850611,522.9974431,524.9979112,515.9917999,519.7935003,1.628785262,0.021055,0.95225,0,0,0,0.173595382,0.405055892,0.964418792,0.385767517,2.571783444,0,4.500621028,261.0360196,112.5155257,844.1879156,86.15474539,6456.402624,4579.751942,6468.689448,2431.621247,7719.009055,5579.052822,8474.013818,1113.360439,617.6077304,1513.17334,1074.52584,3731.164673,6752.469401,2401.643928,1918.55045,401.2587646,1465.363598,131.3333315,157.8417781,64299.72968,2149.093579,768.0182822,2432.04059,2841.091419,792.0844619,790.6474314,0.927744537,1996.728184,2968.548473,34.26557304,463.3352267,1095.756607,56.58286565,1431.706442,620.2328355,2515.139776,142.1572894,13474.97399,60.06876631,234.5293571,55.36581866,2905.247866,2448.399188,8621.276584,4326.899008,3.388367393,12.19812262,21.00787784,8802.234001,98.75325182,191.4028797,132.8994049,1812.808798,64299.81006,4.699183182,36.79746616,61.34237997,85.16252756,0.4059966,108.39,4.705497165,27304.28334,87.2854,27086.77571,78.5205,84.79948308,68.15501606,107.0119501,71.7754531,45.93985981,29.33534647,254.0626095,4.23,0.850955,1582.731893,10261.00959,442.2788295
2019/9/25,1.799680481,127.3817373,94.64463084,56.24951853,42.7901322,0.784866573,3.164462041,0.58,520.9599098,522.9894325,524.9830031,515.9886988,519.784506,1.508011087,0.02125,0.915795,0,0,0,0.189859872,0.443006368,1.054777066,0.421910826,3.515923552,0,6.328662394,375.5006354,164.5452222,1108.922288,101.961783,7430.423626,5433.066053,7428.31151,2698.822918,8158.898753,6166.941507,9289.211869,1169.270966,648.6226404,1589.161597,1128.486178,3864.45765,6712.922701,2659.368638,1963.994896,404.8663793,1519.117175,135.8734008,165.7226536,70330.42518,2360.268397,875.2487119,2629.960147,2995.437944,755.4177523,643.5329301,1.027796459,2092.000483,3128.293758,38.88275012,522.4785968,1251.055164,67.30337475,1652.843887,729.1874814,2951.258805,173.809339,14547.88789,80.67386495,260.728578,75.99711916,3162.818113,2665.466651,9385.612173,4710.508427,4.453018217,69.3398551,20.99280017,9943.930745,112.2582133,218.9069351,151.2002791,2051.723843,70330.50582,4.697673082,38.25770844,68.21895148,84.3919409,0.434612531,107.78,4.574518215,29858.50782,87.5759,27255.92595,79.4623,85.41046512,68.42093792,106.4855516,72.34765087,47.20058969,30.07425737,256.1080495,4.2595,0.864675,1398.950682,11421.66255,528.1856623
2019/9/26,1.744542613,134.3257408,99.80402544,55.89808863,42.17195274,0.908881845,3.238578985,0.513333333,520.9901372,523.0023003,525.0103866,516.0070657,519.8054883,1.43808936,0.019595,0.928995,0,0,0,0.133514441,0.311533695,0.741746894,0.296698758,6.675722046,0,7.41746894,475.4597591,183.2114828,1265.420201,146.1241381,7791.31468,5657.837071,7315.3108,2751.880977,8547.689008,6428.759854,9467.078283,1263.032688,700.6345158,1716.593589,1218.977442,4353.426193,7352.754037,2906.233582,2224.498935,438.7509537,1662.285079,140.5822044,160.8999526,74184.33211,2434.009878,937.2271814,2528.520425,3195.36867,1014.939718,833.602429,4.947351993,2211.038311,3325.909169,41.80885686,586.0685677,1405.642996,76.64034541,1777.822338,851.1739494,3399.146531,197.4312192,14311.72398,108.1292513,392.9725933,88.35516182,3250.570911,2739.420368,9646.017196,4841.202092,8.10193532,25.04234553,23.56926639,11047.67834,131.6478299,257.9812926,178.9493416,2311.745733,74184.40557,4.697290854,39.6717641,72.22407452,82.85935081,0.482035398,106.5,4.276814149,31055.07678,87.0157,27654.93228,78.6465,85.24135151,67.30010245,105.3145057,71.88391719,47.05954666,30.71001547,254.967985,4.0555,0.833185,1848.542147,12707.80212,606.7541913
2019/9/27,1.554530953,134.1776285,99.693978,55.96860184,42.39691401,0.97490251,3.327667233,0.6,521.0111739,523.0026379,525.0034435,516.0076538,519.8062008,1.399470113,0.02023,0.951215,0,0,0,0.06667664,0.155578827,0.37042578,0.148170312,6.667664034,0,7.408515594,510.4467244,197.0665148,1314.270666,128.1673198,7670.927886,5609.671979,7462.502946,2743.373324,8395.479334,6339.348857,9459.902034,1235.724087,685.48578,1679.478343,1192.621379,4387.110125,7424.535243,2963.898133,2212.182756,442.596724,1695.15988,149.2188252,178.5785602,74092.56445,2492.907777,835.3411875,2402.228821,2962.465284,1199.713977,1144.092762,1.327838056,2083.151953,3140.11878,40.7404678,598.3986026,1435.841705,76.14838317,1795.325176,871.3393521,3458.008118,198.5441869,14299.00518,114.27294,410.513116,96.88264457,3221.518696,2714.936599,9559.805214,4797.933495,8.708548292,29.02849431,23.22279545,11185.8285,123.006089,241.8896566,168.2559196,2362.138861,74092.64112,4.698028574,40.53814516,72.41232726,82.83860622,0.477657021,106.36,4.35091,31584.98445,87.6307,26707.93699,79.1401,85.10232935,67.39737033,106.8042154,72.68029155,47.28391005,31.85318291,258.6215999,3.822,0.85668,2343.806739,12515.60519,603.7943975
2019/9/28,1.765094678,134.1741224,99.69137291,55.00151168,41.8868449,0.895937284,3.878728489,0.64,521.0088732,522.9958495,524.9987743,516.0140727,519.8069947,1.42726562,0.01797,0.9664,0,0,0,0.06668587,0.155600363,0.370477054,0.148190822,5.927632864,0,7.40954108,464.5782257,185.238527,1275.922974,118.5526573,7793.004516,5702.506018,7656.506389,2807.475115,8392.002395,6356.905487,9504.001983,1226.917227,680.6004036,1667.508898,1184.121707,4118.099239,7473.217309,2738.735902,1866.463398,416.565711,2153.557324,137.6309141,166.4070363,74100.59748,2467.078146,817.8026899,2417.706056,2466.697541,1393.451131,1463.506758,1.206410508,2095.613556,3152.770016,41.15514,587.364327,1409.447836,79.86148137,1758.111263,893.7088646,3544.94793,207.244518,14533.02419,120.9603277,434.8368704,100.4884481,3232.92026,2724.545273,9593.639173,4814.914289,8.010860021,28.40214008,23.30432006,10867.94906,121.9681024,236.1977135,163.9511881,2297.867559,74100.65344,4.696036536,40.96318496,72.22863848,82.69985097,0.476960945,106.23,4.307959116,31321.92239,87.4355,27302.46204,78.9825,85.11828409,67.23688491,107.105685,72.66458714,46.63189929,31.48794967,257.8901211,3.876,0.86928,2856.957889,12635.43495,616.0050956
2019/9/29,1.698298756,134.2051867,99.71445373,55.64393256,42.43946748,0.855948643,3.061816291,0.716666667,521.0121496,523.0061068,525.012833,516.012023,519.8113507,1.4150631,0.0198,0.9843,0,0,0,0.066666081,0.155554189,0.370367116,0.148146847,5.925873861,0.740734233,6.666608094,443.6998054,176.2947474,1227.396624,97.03618448,8040.138553,5902.952515,7953.01285,2861.456341,8537.976937,6348.948336,9689.895833,1193.134679,661.8604142,1621.59488,1151.517512,4025.052548,7178.528673,2646.667462,2038.500608,407.759922,1571.003884,132.8788641,156.4855507,74077.86767,2485.616507,819.0912855,2442.52853,3006.440844,1174.568327,1162.320697,1.326044394,2076.048698,3116.785411,40.58198937,584.2063745,1402.516554,79.25517815,1732.308519,889.7404761,3539.065953,208.1433216,14961.99399,113.701776,412.5572637,98.79006767,3225.29988,2718.123193,9571.025817,4803.56496,7.972052605,28.26455015,24.64088987,10524.57325,127.6619103,245.771258,172.0673168,2281.385063,74077.93795,4.70113019,41.26706815,72.27766781,82.74146392,0.490124784,106.61,4.452767488,31528.80719,87.5149,27143.39893,78.9904,85.02672653,67.25116284,107.7279262,72.2758064,46.49554248,30.99907477,257.4983499,3.9265,0.873205,2336.889024,12545.61832,623.4787635
2019/9/30,1.86470241,134.2131465,99.72036782,55.74752279,42.64625751,0.877239839,3.103658598,0.58,520.9973644,522.9881329,525.0021153,516.0054856,519.801228,1.391465899,0.01863,0.95596,0,0,0,0.066657728,0.155534699,0.370320711,0.148128284,5.925131373,0,6.665772794,455.6728198,180.7872651,1255.878747,95.54274339,8205.152981,6091.951644,8125.073773,2912.20207,8443.89877,6422.033635,9693.737135,1159.379968,643.1358664,1575.718695,1118.940183,3942.230648,6751.101702,2663.395046,2024.173005,420.8657252,1563.017179,139.7534913,175.3145773,74072.28922,2449.912182,868.3888283,2434.375961,2873.926678,1240.665767,1228.125401,1.208522939,2023.426851,3049.944683,39.10427101,577.7947189,1389.239099,80.07007823,1694.277978,946.0597843,3749.302622,225.7559444,15005.62507,127.4246166,457.4940258,108.1590095,3213.641656,2708.298218,9536.430223,4786.201912,8.554712937,31.36728077,23.52546058,10412.63364,120.8522939,233.9395696,163.2110229,2263.412657,74072.35074,4.698807786,41.42791787,72.48528684,82.21430757,0.48792872,106.35,4.388456451,31139.60368,87.2949,26704.93922,79.0902,85.01923696,66.98926234,108.9822144,72.94772988,47.46891733,32.5173861,261.9162477,3.936,0.848905,2468.791168,12716.60878,639.8257866
